img_path,table_mask
datasets/marmot/images/10.1.1.1.2006_3.jpg,datasets/marmot/table_mask/10.1.1.1.2006_3.jpg
datasets/marmot/images/10.1.1.1.2013_63.jpg,datasets/marmot/table_mask/10.1.1.1.2013_63.jpg
datasets/marmot/images/10.1.1.1.2013_64.jpg,datasets/marmot/table_mask/10.1.1.1.2013_64.jpg
datasets/marmot/images/10.1.1.1.2014_4.jpg,datasets/marmot/table_mask/10.1.1.1.2014_4.jpg
datasets/marmot/images/10.1.1.1.2014_6.jpg,datasets/marmot/table_mask/10.1.1.1.2014_6.jpg
datasets/marmot/images/10.1.1.1.2018_4.jpg,datasets/marmot/table_mask/10.1.1.1.2018_4.jpg
datasets/marmot/images/10.1.1.1.2018_8.jpg,datasets/marmot/table_mask/10.1.1.1.2018_8.jpg
datasets/marmot/images/10.1.1.1.2019_2.jpg,datasets/marmot/table_mask/10.1.1.1.2019_2.jpg
datasets/marmot/images/10.1.1.1.2019_3.jpg,datasets/marmot/table_mask/10.1.1.1.2019_3.jpg
datasets/marmot/images/10.1.1.1.2020_8.jpg,datasets/marmot/table_mask/10.1.1.1.2020_8.jpg
datasets/marmot/images/10.1.1.1.2023_31.jpg,datasets/marmot/table_mask/10.1.1.1.2023_31.jpg
datasets/marmot/images/10.1.1.1.2023_33.jpg,datasets/marmot/table_mask/10.1.1.1.2023_33.jpg
datasets/marmot/images/10.1.1.1.2024_3.jpg,datasets/marmot/table_mask/10.1.1.1.2024_3.jpg
datasets/marmot/images/10.1.1.1.2028_14.jpg,datasets/marmot/table_mask/10.1.1.1.2028_14.jpg
datasets/marmot/images/10.1.1.1.2030_4.jpg,datasets/marmot/table_mask/10.1.1.1.2030_4.jpg
datasets/marmot/images/10.1.1.1.2031_24.jpg,datasets/marmot/table_mask/10.1.1.1.2031_24.jpg
datasets/marmot/images/10.1.1.1.2032_10.jpg,datasets/marmot/table_mask/10.1.1.1.2032_10.jpg
datasets/marmot/images/10.1.1.1.2032_6.jpg,datasets/marmot/table_mask/10.1.1.1.2032_6.jpg
datasets/marmot/images/10.1.1.1.2034_11.jpg,datasets/marmot/table_mask/10.1.1.1.2034_11.jpg
datasets/marmot/images/10.1.1.1.2034_8.jpg,datasets/marmot/table_mask/10.1.1.1.2034_8.jpg
datasets/marmot/images/10.1.1.1.2035_2.jpg,datasets/marmot/table_mask/10.1.1.1.2035_2.jpg
datasets/marmot/images/10.1.1.1.2035_4.jpg,datasets/marmot/table_mask/10.1.1.1.2035_4.jpg
datasets/marmot/images/10.1.1.1.2036_17.jpg,datasets/marmot/table_mask/10.1.1.1.2036_17.jpg
datasets/marmot/images/10.1.1.1.2042_4.jpg,datasets/marmot/table_mask/10.1.1.1.2042_4.jpg
datasets/marmot/images/10.1.1.1.2042_6.jpg,datasets/marmot/table_mask/10.1.1.1.2042_6.jpg
datasets/marmot/images/10.1.1.1.2043_4.jpg,datasets/marmot/table_mask/10.1.1.1.2043_4.jpg
datasets/marmot/images/10.1.1.1.2044_7.jpg,datasets/marmot/table_mask/10.1.1.1.2044_7.jpg
datasets/marmot/images/10.1.1.1.2047_13.jpg,datasets/marmot/table_mask/10.1.1.1.2047_13.jpg
datasets/marmot/images/10.1.1.1.2047_14.jpg,datasets/marmot/table_mask/10.1.1.1.2047_14.jpg
datasets/marmot/images/10.1.1.1.2048_12.jpg,datasets/marmot/table_mask/10.1.1.1.2048_12.jpg
datasets/marmot/images/10.1.1.1.2048_29.jpg,datasets/marmot/table_mask/10.1.1.1.2048_29.jpg
datasets/marmot/images/10.1.1.1.2051_5.jpg,datasets/marmot/table_mask/10.1.1.1.2051_5.jpg
datasets/marmot/images/10.1.1.1.2051_6.jpg,datasets/marmot/table_mask/10.1.1.1.2051_6.jpg
datasets/marmot/images/10.1.1.1.2054_5.jpg,datasets/marmot/table_mask/10.1.1.1.2054_5.jpg
datasets/marmot/images/10.1.1.1.2055_3.jpg,datasets/marmot/table_mask/10.1.1.1.2055_3.jpg
datasets/marmot/images/10.1.1.1.2055_4.jpg,datasets/marmot/table_mask/10.1.1.1.2055_4.jpg
datasets/marmot/images/10.1.1.1.2057_5.jpg,datasets/marmot/table_mask/10.1.1.1.2057_5.jpg
datasets/marmot/images/10.1.1.1.2063_21.jpg,datasets/marmot/table_mask/10.1.1.1.2063_21.jpg
datasets/marmot/images/10.1.1.1.2063_4.jpg,datasets/marmot/table_mask/10.1.1.1.2063_4.jpg
datasets/marmot/images/10.1.1.1.2064_5.jpg,datasets/marmot/table_mask/10.1.1.1.2064_5.jpg
datasets/marmot/images/10.1.1.1.2066_4.jpg,datasets/marmot/table_mask/10.1.1.1.2066_4.jpg
datasets/marmot/images/10.1.1.1.2067_10.jpg,datasets/marmot/table_mask/10.1.1.1.2067_10.jpg
datasets/marmot/images/10.1.1.1.2067_4.jpg,datasets/marmot/table_mask/10.1.1.1.2067_4.jpg
datasets/marmot/images/10.1.1.1.2071_4.jpg,datasets/marmot/table_mask/10.1.1.1.2071_4.jpg
datasets/marmot/images/10.1.1.1.2071_7.jpg,datasets/marmot/table_mask/10.1.1.1.2071_7.jpg
datasets/marmot/images/10.1.1.1.2072_4.jpg,datasets/marmot/table_mask/10.1.1.1.2072_4.jpg
datasets/marmot/images/10.1.1.1.2075_6.jpg,datasets/marmot/table_mask/10.1.1.1.2075_6.jpg
datasets/marmot/images/10.1.1.1.2075_7.jpg,datasets/marmot/table_mask/10.1.1.1.2075_7.jpg
datasets/marmot/images/10.1.1.1.2076_85.jpg,datasets/marmot/table_mask/10.1.1.1.2076_85.jpg
datasets/marmot/images/10.1.1.1.2082_5.jpg,datasets/marmot/table_mask/10.1.1.1.2082_5.jpg
datasets/marmot/images/10.1.1.1.2084_16.jpg,datasets/marmot/table_mask/10.1.1.1.2084_16.jpg
datasets/marmot/images/10.1.1.1.2084_18.jpg,datasets/marmot/table_mask/10.1.1.1.2084_18.jpg
datasets/marmot/images/10.1.1.1.2087_15.jpg,datasets/marmot/table_mask/10.1.1.1.2087_15.jpg
datasets/marmot/images/10.1.1.1.2087_26.jpg,datasets/marmot/table_mask/10.1.1.1.2087_26.jpg
datasets/marmot/images/10.1.1.1.2089_3.jpg,datasets/marmot/table_mask/10.1.1.1.2089_3.jpg
datasets/marmot/images/10.1.1.1.2089_8.jpg,datasets/marmot/table_mask/10.1.1.1.2089_8.jpg
datasets/marmot/images/10.1.1.1.2091_6.jpg,datasets/marmot/table_mask/10.1.1.1.2091_6.jpg
datasets/marmot/images/10.1.1.1.2094_3.jpg,datasets/marmot/table_mask/10.1.1.1.2094_3.jpg
datasets/marmot/images/10.1.1.1.2097_4.jpg,datasets/marmot/table_mask/10.1.1.1.2097_4.jpg
datasets/marmot/images/10.1.1.1.2098_12.jpg,datasets/marmot/table_mask/10.1.1.1.2098_12.jpg
datasets/marmot/images/10.1.1.1.2100_12.jpg,datasets/marmot/table_mask/10.1.1.1.2100_12.jpg
datasets/marmot/images/10.1.1.1.2100_9.jpg,datasets/marmot/table_mask/10.1.1.1.2100_9.jpg
datasets/marmot/images/10.1.1.1.2103_4.jpg,datasets/marmot/table_mask/10.1.1.1.2103_4.jpg
datasets/marmot/images/10.1.1.1.2107_8.jpg,datasets/marmot/table_mask/10.1.1.1.2107_8.jpg
datasets/marmot/images/10.1.1.1.2111_6.jpg,datasets/marmot/table_mask/10.1.1.1.2111_6.jpg
datasets/marmot/images/10.1.1.1.2111_7.jpg,datasets/marmot/table_mask/10.1.1.1.2111_7.jpg
datasets/marmot/images/10.1.1.1.2112_4.jpg,datasets/marmot/table_mask/10.1.1.1.2112_4.jpg
datasets/marmot/images/10.1.1.1.2112_9.jpg,datasets/marmot/table_mask/10.1.1.1.2112_9.jpg
datasets/marmot/images/10.1.1.1.2118_5.jpg,datasets/marmot/table_mask/10.1.1.1.2118_5.jpg
datasets/marmot/images/10.1.1.1.2129_6.jpg,datasets/marmot/table_mask/10.1.1.1.2129_6.jpg
datasets/marmot/images/10.1.1.1.2134_193.jpg,datasets/marmot/table_mask/10.1.1.1.2134_193.jpg
datasets/marmot/images/10.1.1.1.2134_223.jpg,datasets/marmot/table_mask/10.1.1.1.2134_223.jpg
datasets/marmot/images/10.1.1.1.2135_4.jpg,datasets/marmot/table_mask/10.1.1.1.2135_4.jpg
datasets/marmot/images/10.1.1.1.2139_44.jpg,datasets/marmot/table_mask/10.1.1.1.2139_44.jpg
datasets/marmot/images/10.1.1.1.2139_58.jpg,datasets/marmot/table_mask/10.1.1.1.2139_58.jpg
datasets/marmot/images/10.1.1.1.2145_15.jpg,datasets/marmot/table_mask/10.1.1.1.2145_15.jpg
datasets/marmot/images/10.1.1.1.2150_5.jpg,datasets/marmot/table_mask/10.1.1.1.2150_5.jpg
datasets/marmot/images/10.1.1.1.2806_2.jpg,datasets/marmot/table_mask/10.1.1.1.2806_2.jpg
datasets/marmot/images/10.1.1.1.2806_3.jpg,datasets/marmot/table_mask/10.1.1.1.2806_3.jpg
datasets/marmot/images/10.1.1.10.1816_3.jpg,datasets/marmot/table_mask/10.1.1.10.1816_3.jpg
datasets/marmot/images/10.1.1.10.2226_5.jpg,datasets/marmot/table_mask/10.1.1.10.2226_5.jpg
datasets/marmot/images/10.1.1.10.2577_6.jpg,datasets/marmot/table_mask/10.1.1.10.2577_6.jpg
datasets/marmot/images/10.1.1.10.3210_7.jpg,datasets/marmot/table_mask/10.1.1.10.3210_7.jpg
datasets/marmot/images/10.1.1.100.2006_8.jpg,datasets/marmot/table_mask/10.1.1.100.2006_8.jpg
datasets/marmot/images/10.1.1.100.2013_22.jpg,datasets/marmot/table_mask/10.1.1.100.2013_22.jpg
datasets/marmot/images/10.1.1.100.2013_24.jpg,datasets/marmot/table_mask/10.1.1.100.2013_24.jpg
datasets/marmot/images/10.1.1.100.2018_6.jpg,datasets/marmot/table_mask/10.1.1.100.2018_6.jpg
datasets/marmot/images/10.1.1.100.2019_5.jpg,datasets/marmot/table_mask/10.1.1.100.2019_5.jpg
datasets/marmot/images/10.1.1.100.2023_12.jpg,datasets/marmot/table_mask/10.1.1.100.2023_12.jpg
datasets/marmot/images/10.1.1.100.2026_8.jpg,datasets/marmot/table_mask/10.1.1.100.2026_8.jpg
datasets/marmot/images/10.1.1.100.2030_2.jpg,datasets/marmot/table_mask/10.1.1.100.2030_2.jpg
datasets/marmot/images/10.1.1.100.2031_11.jpg,datasets/marmot/table_mask/10.1.1.100.2031_11.jpg
datasets/marmot/images/10.1.1.100.2031_8.jpg,datasets/marmot/table_mask/10.1.1.100.2031_8.jpg
datasets/marmot/images/10.1.1.100.2033_23.jpg,datasets/marmot/table_mask/10.1.1.100.2033_23.jpg
datasets/marmot/images/10.1.1.100.291_4.jpg,datasets/marmot/table_mask/10.1.1.100.291_4.jpg
datasets/marmot/images/10.1.1.100.302_10.jpg,datasets/marmot/table_mask/10.1.1.100.302_10.jpg
datasets/marmot/images/10.1.1.100.302_12.jpg,datasets/marmot/table_mask/10.1.1.100.302_12.jpg
datasets/marmot/images/10.1.1.100.303_8.jpg,datasets/marmot/table_mask/10.1.1.100.303_8.jpg
datasets/marmot/images/10.1.1.100.308_10.jpg,datasets/marmot/table_mask/10.1.1.100.308_10.jpg
datasets/marmot/images/10.1.1.100.308_18.jpg,datasets/marmot/table_mask/10.1.1.100.308_18.jpg
datasets/marmot/images/10.1.1.101.292_2.jpg,datasets/marmot/table_mask/10.1.1.101.292_2.jpg
datasets/marmot/images/10.1.1.101.295_10.jpg,datasets/marmot/table_mask/10.1.1.101.295_10.jpg
datasets/marmot/images/10.1.1.101.295_9.jpg,datasets/marmot/table_mask/10.1.1.101.295_9.jpg
datasets/marmot/images/10.1.1.11.831_7.jpg,datasets/marmot/table_mask/10.1.1.11.831_7.jpg
datasets/marmot/images/10.1.1.12.1775_12.jpg,datasets/marmot/table_mask/10.1.1.12.1775_12.jpg
datasets/marmot/images/10.1.1.12.2649_5.jpg,datasets/marmot/table_mask/10.1.1.12.2649_5.jpg
datasets/marmot/images/10.1.1.12.797_2.jpg,datasets/marmot/table_mask/10.1.1.12.797_2.jpg
datasets/marmot/images/10.1.1.12.797_3.jpg,datasets/marmot/table_mask/10.1.1.12.797_3.jpg
datasets/marmot/images/10.1.1.12.9006_6.jpg,datasets/marmot/table_mask/10.1.1.12.9006_6.jpg
datasets/marmot/images/10.1.1.120.1504_11.jpg,datasets/marmot/table_mask/10.1.1.120.1504_11.jpg
datasets/marmot/images/10.1.1.120.1504_6.jpg,datasets/marmot/table_mask/10.1.1.120.1504_6.jpg
datasets/marmot/images/10.1.1.120.1505_45.jpg,datasets/marmot/table_mask/10.1.1.120.1505_45.jpg
datasets/marmot/images/10.1.1.120.1505_46.jpg,datasets/marmot/table_mask/10.1.1.120.1505_46.jpg
datasets/marmot/images/10.1.1.120.1507_12.jpg,datasets/marmot/table_mask/10.1.1.120.1507_12.jpg
datasets/marmot/images/10.1.1.120.1507_6.jpg,datasets/marmot/table_mask/10.1.1.120.1507_6.jpg
datasets/marmot/images/10.1.1.120.1514_4.jpg,datasets/marmot/table_mask/10.1.1.120.1514_4.jpg
datasets/marmot/images/10.1.1.120.1514_6.jpg,datasets/marmot/table_mask/10.1.1.120.1514_6.jpg
datasets/marmot/images/10.1.1.120.1518_6.jpg,datasets/marmot/table_mask/10.1.1.120.1518_6.jpg
datasets/marmot/images/10.1.1.120.1525_53.jpg,datasets/marmot/table_mask/10.1.1.120.1525_53.jpg
datasets/marmot/images/10.1.1.120.1527_3.jpg,datasets/marmot/table_mask/10.1.1.120.1527_3.jpg
datasets/marmot/images/10.1.1.120.1527_4.jpg,datasets/marmot/table_mask/10.1.1.120.1527_4.jpg
datasets/marmot/images/10.1.1.120.1530_5.jpg,datasets/marmot/table_mask/10.1.1.120.1530_5.jpg
datasets/marmot/images/10.1.1.120.1546_10.jpg,datasets/marmot/table_mask/10.1.1.120.1546_10.jpg
datasets/marmot/images/10.1.1.120.1546_12.jpg,datasets/marmot/table_mask/10.1.1.120.1546_12.jpg
datasets/marmot/images/10.1.1.120.1603_23.jpg,datasets/marmot/table_mask/10.1.1.120.1603_23.jpg
datasets/marmot/images/10.1.1.120.1607_3.jpg,datasets/marmot/table_mask/10.1.1.120.1607_3.jpg
datasets/marmot/images/10.1.1.120.1607_4.jpg,datasets/marmot/table_mask/10.1.1.120.1607_4.jpg
datasets/marmot/images/10.1.1.120.1614_4.jpg,datasets/marmot/table_mask/10.1.1.120.1614_4.jpg
datasets/marmot/images/10.1.1.120.1615_3.jpg,datasets/marmot/table_mask/10.1.1.120.1615_3.jpg
datasets/marmot/images/10.1.1.120.1615_4.jpg,datasets/marmot/table_mask/10.1.1.120.1615_4.jpg
datasets/marmot/images/10.1.1.120.1619_11.jpg,datasets/marmot/table_mask/10.1.1.120.1619_11.jpg
datasets/marmot/images/10.1.1.120.1619_13.jpg,datasets/marmot/table_mask/10.1.1.120.1619_13.jpg
datasets/marmot/images/10.1.1.120.1632_3.jpg,datasets/marmot/table_mask/10.1.1.120.1632_3.jpg
datasets/marmot/images/10.1.1.13.2943_5.jpg,datasets/marmot/table_mask/10.1.1.13.2943_5.jpg
datasets/marmot/images/10.1.1.160.500_5.jpg,datasets/marmot/table_mask/10.1.1.160.500_5.jpg
datasets/marmot/images/10.1.1.160.502_5.jpg,datasets/marmot/table_mask/10.1.1.160.502_5.jpg
datasets/marmot/images/10.1.1.160.503_5.jpg,datasets/marmot/table_mask/10.1.1.160.503_5.jpg
datasets/marmot/images/10.1.1.160.503_8.jpg,datasets/marmot/table_mask/10.1.1.160.503_8.jpg
datasets/marmot/images/10.1.1.160.506_4.jpg,datasets/marmot/table_mask/10.1.1.160.506_4.jpg
datasets/marmot/images/10.1.1.160.507_10.jpg,datasets/marmot/table_mask/10.1.1.160.507_10.jpg
datasets/marmot/images/10.1.1.160.507_11.jpg,datasets/marmot/table_mask/10.1.1.160.507_11.jpg
datasets/marmot/images/10.1.1.160.508_5.jpg,datasets/marmot/table_mask/10.1.1.160.508_5.jpg
datasets/marmot/images/10.1.1.160.509_17.jpg,datasets/marmot/table_mask/10.1.1.160.509_17.jpg
datasets/marmot/images/10.1.1.160.509_23.jpg,datasets/marmot/table_mask/10.1.1.160.509_23.jpg
datasets/marmot/images/10.1.1.160.510_36.jpg,datasets/marmot/table_mask/10.1.1.160.510_36.jpg
datasets/marmot/images/10.1.1.160.516_6.jpg,datasets/marmot/table_mask/10.1.1.160.516_6.jpg
datasets/marmot/images/10.1.1.160.517_4.jpg,datasets/marmot/table_mask/10.1.1.160.517_4.jpg
datasets/marmot/images/10.1.1.160.529_30.jpg,datasets/marmot/table_mask/10.1.1.160.529_30.jpg
datasets/marmot/images/10.1.1.160.529_31.jpg,datasets/marmot/table_mask/10.1.1.160.529_31.jpg
datasets/marmot/images/10.1.1.160.531_12.jpg,datasets/marmot/table_mask/10.1.1.160.531_12.jpg
datasets/marmot/images/10.1.1.160.531_23.jpg,datasets/marmot/table_mask/10.1.1.160.531_23.jpg
datasets/marmot/images/10.1.1.160.538_23.jpg,datasets/marmot/table_mask/10.1.1.160.538_23.jpg
datasets/marmot/images/10.1.1.160.539_2.jpg,datasets/marmot/table_mask/10.1.1.160.539_2.jpg
datasets/marmot/images/10.1.1.160.539_4.jpg,datasets/marmot/table_mask/10.1.1.160.539_4.jpg
datasets/marmot/images/10.1.1.160.542_27.jpg,datasets/marmot/table_mask/10.1.1.160.542_27.jpg
datasets/marmot/images/10.1.1.160.546_34.jpg,datasets/marmot/table_mask/10.1.1.160.546_34.jpg
datasets/marmot/images/10.1.1.160.546_36.jpg,datasets/marmot/table_mask/10.1.1.160.546_36.jpg
datasets/marmot/images/10.1.1.160.552_18.jpg,datasets/marmot/table_mask/10.1.1.160.552_18.jpg
datasets/marmot/images/10.1.1.160.552_20.jpg,datasets/marmot/table_mask/10.1.1.160.552_20.jpg
datasets/marmot/images/10.1.1.160.557_3.jpg,datasets/marmot/table_mask/10.1.1.160.557_3.jpg
datasets/marmot/images/10.1.1.160.559_28.jpg,datasets/marmot/table_mask/10.1.1.160.559_28.jpg
datasets/marmot/images/10.1.1.160.560_3.jpg,datasets/marmot/table_mask/10.1.1.160.560_3.jpg
datasets/marmot/images/10.1.1.160.563_6.jpg,datasets/marmot/table_mask/10.1.1.160.563_6.jpg
datasets/marmot/images/10.1.1.160.563_8.jpg,datasets/marmot/table_mask/10.1.1.160.563_8.jpg
datasets/marmot/images/10.1.1.160.567_4.jpg,datasets/marmot/table_mask/10.1.1.160.567_4.jpg
datasets/marmot/images/10.1.1.160.567_6.jpg,datasets/marmot/table_mask/10.1.1.160.567_6.jpg
datasets/marmot/images/10.1.1.160.575_3.jpg,datasets/marmot/table_mask/10.1.1.160.575_3.jpg
datasets/marmot/images/10.1.1.160.577_5.jpg,datasets/marmot/table_mask/10.1.1.160.577_5.jpg
datasets/marmot/images/10.1.1.160.581_25.jpg,datasets/marmot/table_mask/10.1.1.160.581_25.jpg
datasets/marmot/images/10.1.1.160.581_3.jpg,datasets/marmot/table_mask/10.1.1.160.581_3.jpg
datasets/marmot/images/10.1.1.160.587_6.jpg,datasets/marmot/table_mask/10.1.1.160.587_6.jpg
datasets/marmot/images/10.1.1.160.590_212.jpg,datasets/marmot/table_mask/10.1.1.160.590_212.jpg
datasets/marmot/images/10.1.1.160.590_45.jpg,datasets/marmot/table_mask/10.1.1.160.590_45.jpg
datasets/marmot/images/10.1.1.160.596_4.jpg,datasets/marmot/table_mask/10.1.1.160.596_4.jpg
datasets/marmot/images/10.1.1.160.596_5.jpg,datasets/marmot/table_mask/10.1.1.160.596_5.jpg
datasets/marmot/images/10.1.1.160.604_22.jpg,datasets/marmot/table_mask/10.1.1.160.604_22.jpg
datasets/marmot/images/10.1.1.160.604_33.jpg,datasets/marmot/table_mask/10.1.1.160.604_33.jpg
datasets/marmot/images/10.1.1.160.605_5.jpg,datasets/marmot/table_mask/10.1.1.160.605_5.jpg
datasets/marmot/images/10.1.1.160.609_43.jpg,datasets/marmot/table_mask/10.1.1.160.609_43.jpg
datasets/marmot/images/10.1.1.160.611_127.jpg,datasets/marmot/table_mask/10.1.1.160.611_127.jpg
datasets/marmot/images/10.1.1.160.611_59.jpg,datasets/marmot/table_mask/10.1.1.160.611_59.jpg
datasets/marmot/images/10.1.1.160.614_2.jpg,datasets/marmot/table_mask/10.1.1.160.614_2.jpg
datasets/marmot/images/10.1.1.160.615_15.jpg,datasets/marmot/table_mask/10.1.1.160.615_15.jpg
datasets/marmot/images/10.1.1.160.615_25.jpg,datasets/marmot/table_mask/10.1.1.160.615_25.jpg
datasets/marmot/images/10.1.1.160.617_7.jpg,datasets/marmot/table_mask/10.1.1.160.617_7.jpg
datasets/marmot/images/10.1.1.160.623_7.jpg,datasets/marmot/table_mask/10.1.1.160.623_7.jpg
datasets/marmot/images/10.1.1.160.623_8.jpg,datasets/marmot/table_mask/10.1.1.160.623_8.jpg
datasets/marmot/images/10.1.1.160.628_2.jpg,datasets/marmot/table_mask/10.1.1.160.628_2.jpg
datasets/marmot/images/10.1.1.160.630_10.jpg,datasets/marmot/table_mask/10.1.1.160.630_10.jpg
datasets/marmot/images/10.1.1.160.630_12.jpg,datasets/marmot/table_mask/10.1.1.160.630_12.jpg
datasets/marmot/images/10.1.1.160.633_6.jpg,datasets/marmot/table_mask/10.1.1.160.633_6.jpg
datasets/marmot/images/10.1.1.160.649_16.jpg,datasets/marmot/table_mask/10.1.1.160.649_16.jpg
datasets/marmot/images/10.1.1.160.649_18.jpg,datasets/marmot/table_mask/10.1.1.160.649_18.jpg
datasets/marmot/images/10.1.1.160.651_12.jpg,datasets/marmot/table_mask/10.1.1.160.651_12.jpg
datasets/marmot/images/10.1.1.160.651_22.jpg,datasets/marmot/table_mask/10.1.1.160.651_22.jpg
datasets/marmot/images/10.1.1.160.652_9.jpg,datasets/marmot/table_mask/10.1.1.160.652_9.jpg
datasets/marmot/images/10.1.1.160.653_12.jpg,datasets/marmot/table_mask/10.1.1.160.653_12.jpg
datasets/marmot/images/10.1.1.160.655_9.jpg,datasets/marmot/table_mask/10.1.1.160.655_9.jpg
datasets/marmot/images/10.1.1.160.656_12.jpg,datasets/marmot/table_mask/10.1.1.160.656_12.jpg
datasets/marmot/images/10.1.1.160.657_4.jpg,datasets/marmot/table_mask/10.1.1.160.657_4.jpg
datasets/marmot/images/10.1.1.160.659_3.jpg,datasets/marmot/table_mask/10.1.1.160.659_3.jpg
datasets/marmot/images/10.1.1.160.659_6.jpg,datasets/marmot/table_mask/10.1.1.160.659_6.jpg
datasets/marmot/images/10.1.1.160.660_5.jpg,datasets/marmot/table_mask/10.1.1.160.660_5.jpg
datasets/marmot/images/10.1.1.160.660_6.jpg,datasets/marmot/table_mask/10.1.1.160.660_6.jpg
datasets/marmot/images/10.1.1.160.661_7.jpg,datasets/marmot/table_mask/10.1.1.160.661_7.jpg
datasets/marmot/images/10.1.1.160.665_1.jpg,datasets/marmot/table_mask/10.1.1.160.665_1.jpg
datasets/marmot/images/10.1.1.160.669_11.jpg,datasets/marmot/table_mask/10.1.1.160.669_11.jpg
datasets/marmot/images/10.1.1.160.674_19.jpg,datasets/marmot/table_mask/10.1.1.160.674_19.jpg
datasets/marmot/images/10.1.1.160.674_27.jpg,datasets/marmot/table_mask/10.1.1.160.674_27.jpg
datasets/marmot/images/10.1.1.160.675_6.jpg,datasets/marmot/table_mask/10.1.1.160.675_6.jpg
datasets/marmot/images/10.1.1.160.681_5.jpg,datasets/marmot/table_mask/10.1.1.160.681_5.jpg
datasets/marmot/images/10.1.1.160.684_3.jpg,datasets/marmot/table_mask/10.1.1.160.684_3.jpg
datasets/marmot/images/10.1.1.160.684_9.jpg,datasets/marmot/table_mask/10.1.1.160.684_9.jpg
datasets/marmot/images/10.1.1.160.686_7.jpg,datasets/marmot/table_mask/10.1.1.160.686_7.jpg
datasets/marmot/images/10.1.1.160.690_34.jpg,datasets/marmot/table_mask/10.1.1.160.690_34.jpg
datasets/marmot/images/10.1.1.160.690_35.jpg,datasets/marmot/table_mask/10.1.1.160.690_35.jpg
datasets/marmot/images/10.1.1.160.692_4.jpg,datasets/marmot/table_mask/10.1.1.160.692_4.jpg
datasets/marmot/images/10.1.1.160.699_17.jpg,datasets/marmot/table_mask/10.1.1.160.699_17.jpg
datasets/marmot/images/10.1.1.160.699_75.jpg,datasets/marmot/table_mask/10.1.1.160.699_75.jpg
datasets/marmot/images/10.1.1.160.701_6.jpg,datasets/marmot/table_mask/10.1.1.160.701_6.jpg
datasets/marmot/images/10.1.1.160.708_11.jpg,datasets/marmot/table_mask/10.1.1.160.708_11.jpg
datasets/marmot/images/10.1.1.160.709_14.jpg,datasets/marmot/table_mask/10.1.1.160.709_14.jpg
datasets/marmot/images/10.1.1.160.709_3.jpg,datasets/marmot/table_mask/10.1.1.160.709_3.jpg
datasets/marmot/images/10.1.1.160.710_4.jpg,datasets/marmot/table_mask/10.1.1.160.710_4.jpg
datasets/marmot/images/10.1.1.170.1000_27.jpg,datasets/marmot/table_mask/10.1.1.170.1000_27.jpg
datasets/marmot/images/10.1.1.170.1002_23.jpg,datasets/marmot/table_mask/10.1.1.170.1002_23.jpg
datasets/marmot/images/10.1.1.170.1002_26.jpg,datasets/marmot/table_mask/10.1.1.170.1002_26.jpg
datasets/marmot/images/10.1.1.170.1004_6.jpg,datasets/marmot/table_mask/10.1.1.170.1004_6.jpg
datasets/marmot/images/10.1.1.170.1004_7.jpg,datasets/marmot/table_mask/10.1.1.170.1004_7.jpg
datasets/marmot/images/10.1.1.172.1002_31.jpg,datasets/marmot/table_mask/10.1.1.172.1002_31.jpg
datasets/marmot/images/10.1.1.172.1002_32.jpg,datasets/marmot/table_mask/10.1.1.172.1002_32.jpg
datasets/marmot/images/10.1.1.172.1007_3.jpg,datasets/marmot/table_mask/10.1.1.172.1007_3.jpg
datasets/marmot/images/10.1.1.175.3002_26.jpg,datasets/marmot/table_mask/10.1.1.175.3002_26.jpg
datasets/marmot/images/10.1.1.175.3003_7.jpg,datasets/marmot/table_mask/10.1.1.175.3003_7.jpg
datasets/marmot/images/10.1.1.175.3005_18.jpg,datasets/marmot/table_mask/10.1.1.175.3005_18.jpg
datasets/marmot/images/10.1.1.175.3006_7.jpg,datasets/marmot/table_mask/10.1.1.175.3006_7.jpg
datasets/marmot/images/10.1.1.176.3008_16.jpg,datasets/marmot/table_mask/10.1.1.176.3008_16.jpg
datasets/marmot/images/10.1.1.176.3008_3.jpg,datasets/marmot/table_mask/10.1.1.176.3008_3.jpg
datasets/marmot/images/10.1.1.177.3001_109.jpg,datasets/marmot/table_mask/10.1.1.177.3001_109.jpg
datasets/marmot/images/10.1.1.177.3001_114.jpg,datasets/marmot/table_mask/10.1.1.177.3001_114.jpg
datasets/marmot/images/10.1.1.177.3004_17.jpg,datasets/marmot/table_mask/10.1.1.177.3004_17.jpg
datasets/marmot/images/10.1.1.177.3004_6.jpg,datasets/marmot/table_mask/10.1.1.177.3004_6.jpg
datasets/marmot/images/10.1.1.177.3006_5.jpg,datasets/marmot/table_mask/10.1.1.177.3006_5.jpg
datasets/marmot/images/10.1.1.177.3006_6.jpg,datasets/marmot/table_mask/10.1.1.177.3006_6.jpg
datasets/marmot/images/10.1.1.177.3007_20.jpg,datasets/marmot/table_mask/10.1.1.177.3007_20.jpg
datasets/marmot/images/10.1.1.177.3007_21.jpg,datasets/marmot/table_mask/10.1.1.177.3007_21.jpg
datasets/marmot/images/10.1.1.178.3002_12.jpg,datasets/marmot/table_mask/10.1.1.178.3002_12.jpg
datasets/marmot/images/10.1.1.178.3004_12.jpg,datasets/marmot/table_mask/10.1.1.178.3004_12.jpg
datasets/marmot/images/10.1.1.178.3004_13.jpg,datasets/marmot/table_mask/10.1.1.178.3004_13.jpg
datasets/marmot/images/10.1.1.178.3008_5.jpg,datasets/marmot/table_mask/10.1.1.178.3008_5.jpg
datasets/marmot/images/10.1.1.179.3009_10.jpg,datasets/marmot/table_mask/10.1.1.179.3009_10.jpg
datasets/marmot/images/10.1.1.179.3009_11.jpg,datasets/marmot/table_mask/10.1.1.179.3009_11.jpg
datasets/marmot/images/10.1.1.180.553_10.jpg,datasets/marmot/table_mask/10.1.1.180.553_10.jpg
datasets/marmot/images/10.1.1.180.553_12.jpg,datasets/marmot/table_mask/10.1.1.180.553_12.jpg
datasets/marmot/images/10.1.1.180.557_4.jpg,datasets/marmot/table_mask/10.1.1.180.557_4.jpg
datasets/marmot/images/10.1.1.180.559_26.jpg,datasets/marmot/table_mask/10.1.1.180.559_26.jpg
datasets/marmot/images/10.1.1.180.559_28.jpg,datasets/marmot/table_mask/10.1.1.180.559_28.jpg
datasets/marmot/images/10.1.1.180.564_38.jpg,datasets/marmot/table_mask/10.1.1.180.564_38.jpg
datasets/marmot/images/10.1.1.180.564_70.jpg,datasets/marmot/table_mask/10.1.1.180.564_70.jpg
datasets/marmot/images/10.1.1.180.567_5.jpg,datasets/marmot/table_mask/10.1.1.180.567_5.jpg
datasets/marmot/images/10.1.1.185.1552_1.jpg,datasets/marmot/table_mask/10.1.1.185.1552_1.jpg
datasets/marmot/images/10.1.1.185.1552_16.jpg,datasets/marmot/table_mask/10.1.1.185.1552_16.jpg
datasets/marmot/images/10.1.1.185.1555_4.jpg,datasets/marmot/table_mask/10.1.1.185.1555_4.jpg
datasets/marmot/images/10.1.1.185.1557_7.jpg,datasets/marmot/table_mask/10.1.1.185.1557_7.jpg
datasets/marmot/images/10.1.1.185.1558_41.jpg,datasets/marmot/table_mask/10.1.1.185.1558_41.jpg
datasets/marmot/images/10.1.1.185.1560_10.jpg,datasets/marmot/table_mask/10.1.1.185.1560_10.jpg
datasets/marmot/images/10.1.1.185.1560_13.jpg,datasets/marmot/table_mask/10.1.1.185.1560_13.jpg
datasets/marmot/images/10.1.1.185.1562_87.jpg,datasets/marmot/table_mask/10.1.1.185.1562_87.jpg
datasets/marmot/images/10.1.1.185.1562_88.jpg,datasets/marmot/table_mask/10.1.1.185.1562_88.jpg
datasets/marmot/images/10.1.1.185.1566_14.jpg,datasets/marmot/table_mask/10.1.1.185.1566_14.jpg
datasets/marmot/images/10.1.1.185.1566_17.jpg,datasets/marmot/table_mask/10.1.1.185.1566_17.jpg
datasets/marmot/images/10.1.1.186.1550_5.jpg,datasets/marmot/table_mask/10.1.1.186.1550_5.jpg
datasets/marmot/images/10.1.1.186.1550_6.jpg,datasets/marmot/table_mask/10.1.1.186.1550_6.jpg
datasets/marmot/images/10.1.1.190.1802_6.jpg,datasets/marmot/table_mask/10.1.1.190.1802_6.jpg
datasets/marmot/images/10.1.1.190.1804_162.jpg,datasets/marmot/table_mask/10.1.1.190.1804_162.jpg
datasets/marmot/images/10.1.1.190.1808_4.jpg,datasets/marmot/table_mask/10.1.1.190.1808_4.jpg
datasets/marmot/images/10.1.1.190.1808_5.jpg,datasets/marmot/table_mask/10.1.1.190.1808_5.jpg
datasets/marmot/images/10.1.1.190.1811_2.jpg,datasets/marmot/table_mask/10.1.1.190.1811_2.jpg
datasets/marmot/images/10.1.1.190.1812_2.jpg,datasets/marmot/table_mask/10.1.1.190.1812_2.jpg
datasets/marmot/images/10.1.1.190.1819_6.jpg,datasets/marmot/table_mask/10.1.1.190.1819_6.jpg
datasets/marmot/images/10.1.1.190.2735_45.jpg,datasets/marmot/table_mask/10.1.1.190.2735_45.jpg
datasets/marmot/images/10.1.1.190.2741_19.jpg,datasets/marmot/table_mask/10.1.1.190.2741_19.jpg
datasets/marmot/images/10.1.1.190.2741_20.jpg,datasets/marmot/table_mask/10.1.1.190.2741_20.jpg
datasets/marmot/images/10.1.1.190.2745_26.jpg,datasets/marmot/table_mask/10.1.1.190.2745_26.jpg
datasets/marmot/images/10.1.1.190.2745_27.jpg,datasets/marmot/table_mask/10.1.1.190.2745_27.jpg
datasets/marmot/images/10.1.1.190.2746_10.jpg,datasets/marmot/table_mask/10.1.1.190.2746_10.jpg
datasets/marmot/images/10.1.1.190.2749_167.jpg,datasets/marmot/table_mask/10.1.1.190.2749_167.jpg
datasets/marmot/images/10.1.1.190.2750_22.jpg,datasets/marmot/table_mask/10.1.1.190.2750_22.jpg
datasets/marmot/images/10.1.1.192.1803_10.jpg,datasets/marmot/table_mask/10.1.1.192.1803_10.jpg
datasets/marmot/images/10.1.1.192.1805_60.jpg,datasets/marmot/table_mask/10.1.1.192.1805_60.jpg
datasets/marmot/images/10.1.1.192.1811_16.jpg,datasets/marmot/table_mask/10.1.1.192.1811_16.jpg
datasets/marmot/images/10.1.1.192.1811_6.jpg,datasets/marmot/table_mask/10.1.1.192.1811_6.jpg
datasets/marmot/images/10.1.1.193.1803_3.jpg,datasets/marmot/table_mask/10.1.1.193.1803_3.jpg
datasets/marmot/images/10.1.1.193.1807_1.jpg,datasets/marmot/table_mask/10.1.1.193.1807_1.jpg
datasets/marmot/images/10.1.1.193.1807_7.jpg,datasets/marmot/table_mask/10.1.1.193.1807_7.jpg
datasets/marmot/images/10.1.1.193.1808_5.jpg,datasets/marmot/table_mask/10.1.1.193.1808_5.jpg
datasets/marmot/images/10.1.1.193.1810_12.jpg,datasets/marmot/table_mask/10.1.1.193.1810_12.jpg
datasets/marmot/images/10.1.1.193.1811_3.jpg,datasets/marmot/table_mask/10.1.1.193.1811_3.jpg
datasets/marmot/images/10.1.1.193.1812_21.jpg,datasets/marmot/table_mask/10.1.1.193.1812_21.jpg
datasets/marmot/images/10.1.1.193.1812_24.jpg,datasets/marmot/table_mask/10.1.1.193.1812_24.jpg
datasets/marmot/images/10.1.1.193.1816_3.jpg,datasets/marmot/table_mask/10.1.1.193.1816_3.jpg
datasets/marmot/images/10.1.1.193.1816_4.jpg,datasets/marmot/table_mask/10.1.1.193.1816_4.jpg
datasets/marmot/images/10.1.1.193.1817_16.jpg,datasets/marmot/table_mask/10.1.1.193.1817_16.jpg
datasets/marmot/images/10.1.1.193.1818_3.jpg,datasets/marmot/table_mask/10.1.1.193.1818_3.jpg
datasets/marmot/images/10.1.1.20.2120_5.jpg,datasets/marmot/table_mask/10.1.1.20.2120_5.jpg
datasets/marmot/images/10.1.1.20.2120_8.jpg,datasets/marmot/table_mask/10.1.1.20.2120_8.jpg
datasets/marmot/images/10.1.1.20.2130_25.jpg,datasets/marmot/table_mask/10.1.1.20.2130_25.jpg
datasets/marmot/images/10.1.1.20.2130_26.jpg,datasets/marmot/table_mask/10.1.1.20.2130_26.jpg
datasets/marmot/images/10.1.1.20.2150_4.jpg,datasets/marmot/table_mask/10.1.1.20.2150_4.jpg
datasets/marmot/images/10.1.1.30.3555_10.jpg,datasets/marmot/table_mask/10.1.1.30.3555_10.jpg
datasets/marmot/images/10.1.1.30.3567_5.jpg,datasets/marmot/table_mask/10.1.1.30.3567_5.jpg
datasets/marmot/images/10.1.1.30.3567_6.jpg,datasets/marmot/table_mask/10.1.1.30.3567_6.jpg
datasets/marmot/images/10.1.1.31.7802_3.jpg,datasets/marmot/table_mask/10.1.1.31.7802_3.jpg
datasets/marmot/images/10.1.1.31.8667_11.jpg,datasets/marmot/table_mask/10.1.1.31.8667_11.jpg
datasets/marmot/images/10.1.1.31.8667_7.jpg,datasets/marmot/table_mask/10.1.1.31.8667_7.jpg
datasets/marmot/images/10.1.1.32.3210_3.jpg,datasets/marmot/table_mask/10.1.1.32.3210_3.jpg
datasets/marmot/images/10.1.1.32.3210_5.jpg,datasets/marmot/table_mask/10.1.1.32.3210_5.jpg
datasets/marmot/images/10.1.1.32.3478_3.jpg,datasets/marmot/table_mask/10.1.1.32.3478_3.jpg
datasets/marmot/images/10.1.1.32.3478_5.jpg,datasets/marmot/table_mask/10.1.1.32.3478_5.jpg
datasets/marmot/images/10.1.1.32.4629_8.jpg,datasets/marmot/table_mask/10.1.1.32.4629_8.jpg
datasets/marmot/images/10.1.1.32.6167_3.jpg,datasets/marmot/table_mask/10.1.1.32.6167_3.jpg
datasets/marmot/images/10.1.1.32.775_4.jpg,datasets/marmot/table_mask/10.1.1.32.775_4.jpg
datasets/marmot/images/10.1.1.33.1506_16.jpg,datasets/marmot/table_mask/10.1.1.33.1506_16.jpg
datasets/marmot/images/10.1.1.33.152_5.jpg,datasets/marmot/table_mask/10.1.1.33.152_5.jpg
datasets/marmot/images/10.1.1.33.152_8.jpg,datasets/marmot/table_mask/10.1.1.33.152_8.jpg
datasets/marmot/images/10.1.1.33.1967_7.jpg,datasets/marmot/table_mask/10.1.1.33.1967_7.jpg
datasets/marmot/images/10.1.1.33.5434_2.jpg,datasets/marmot/table_mask/10.1.1.33.5434_2.jpg
datasets/marmot/images/10.1.1.33.5766_4.jpg,datasets/marmot/table_mask/10.1.1.33.5766_4.jpg
datasets/marmot/images/10.1.1.33.6412_13.jpg,datasets/marmot/table_mask/10.1.1.33.6412_13.jpg
datasets/marmot/images/10.1.1.33.8442_10.jpg,datasets/marmot/table_mask/10.1.1.33.8442_10.jpg
datasets/marmot/images/10.1.1.33.8442_11.jpg,datasets/marmot/table_mask/10.1.1.33.8442_11.jpg
datasets/marmot/images/10.1.1.34.3054_1.jpg,datasets/marmot/table_mask/10.1.1.34.3054_1.jpg
datasets/marmot/images/10.1.1.34.3224_4.jpg,datasets/marmot/table_mask/10.1.1.34.3224_4.jpg
datasets/marmot/images/10.1.1.34.3224_7.jpg,datasets/marmot/table_mask/10.1.1.34.3224_7.jpg
datasets/marmot/images/10.1.1.34.330_10.jpg,datasets/marmot/table_mask/10.1.1.34.330_10.jpg
datasets/marmot/images/10.1.1.34.330_9.jpg,datasets/marmot/table_mask/10.1.1.34.330_9.jpg
datasets/marmot/images/10.1.1.34.6981_20.jpg,datasets/marmot/table_mask/10.1.1.34.6981_20.jpg
datasets/marmot/images/10.1.1.34.7043_189.jpg,datasets/marmot/table_mask/10.1.1.34.7043_189.jpg
datasets/marmot/images/10.1.1.34.7043_72.jpg,datasets/marmot/table_mask/10.1.1.34.7043_72.jpg
datasets/marmot/images/10.1.1.35.2056_3.jpg,datasets/marmot/table_mask/10.1.1.35.2056_3.jpg
datasets/marmot/images/10.1.1.35.9666_3.jpg,datasets/marmot/table_mask/10.1.1.35.9666_3.jpg
datasets/marmot/images/10.1.1.35.9666_6.jpg,datasets/marmot/table_mask/10.1.1.35.9666_6.jpg
datasets/marmot/images/10.1.1.36.218_12.jpg,datasets/marmot/table_mask/10.1.1.36.218_12.jpg
datasets/marmot/images/10.1.1.36.2833_19.jpg,datasets/marmot/table_mask/10.1.1.36.2833_19.jpg
datasets/marmot/images/10.1.1.36.2833_22.jpg,datasets/marmot/table_mask/10.1.1.36.2833_22.jpg
datasets/marmot/images/10.1.1.36.5934_13.jpg,datasets/marmot/table_mask/10.1.1.36.5934_13.jpg
datasets/marmot/images/10.1.1.36.5934_16.jpg,datasets/marmot/table_mask/10.1.1.36.5934_16.jpg
datasets/marmot/images/10.1.1.36.7389_27.jpg,datasets/marmot/table_mask/10.1.1.36.7389_27.jpg
datasets/marmot/images/10.1.1.36.8492_1.jpg,datasets/marmot/table_mask/10.1.1.36.8492_1.jpg
datasets/marmot/images/10.1.1.36.8492_3.jpg,datasets/marmot/table_mask/10.1.1.36.8492_3.jpg
datasets/marmot/images/10.1.1.37.368_2.jpg,datasets/marmot/table_mask/10.1.1.37.368_2.jpg
datasets/marmot/images/10.1.1.37.368_3.jpg,datasets/marmot/table_mask/10.1.1.37.368_3.jpg
datasets/marmot/images/10.1.1.37.4664_23.jpg,datasets/marmot/table_mask/10.1.1.37.4664_23.jpg
datasets/marmot/images/10.1.1.37.4664_24.jpg,datasets/marmot/table_mask/10.1.1.37.4664_24.jpg
datasets/marmot/images/10.1.1.37.5365_5.jpg,datasets/marmot/table_mask/10.1.1.37.5365_5.jpg
datasets/marmot/images/10.1.1.37.5365_7.jpg,datasets/marmot/table_mask/10.1.1.37.5365_7.jpg
datasets/marmot/images/10.1.1.38.2480_2.jpg,datasets/marmot/table_mask/10.1.1.38.2480_2.jpg
datasets/marmot/images/10.1.1.38.2480_4.jpg,datasets/marmot/table_mask/10.1.1.38.2480_4.jpg
datasets/marmot/images/10.1.1.40.3122_2.jpg,datasets/marmot/table_mask/10.1.1.40.3122_2.jpg
datasets/marmot/images/10.1.1.40.3122_3.jpg,datasets/marmot/table_mask/10.1.1.40.3122_3.jpg
datasets/marmot/images/10.1.1.48.1004_6.jpg,datasets/marmot/table_mask/10.1.1.48.1004_6.jpg
datasets/marmot/images/10.1.1.49.1004_7.jpg,datasets/marmot/table_mask/10.1.1.49.1004_7.jpg
datasets/marmot/images/10.1.1.55.1001_15.jpg,datasets/marmot/table_mask/10.1.1.55.1001_15.jpg
datasets/marmot/images/10.1.1.6.2188_6.jpg,datasets/marmot/table_mask/10.1.1.6.2188_6.jpg
datasets/marmot/images/10.1.1.6.2190_5.jpg,datasets/marmot/table_mask/10.1.1.6.2190_5.jpg
datasets/marmot/images/10.1.1.6.2197_3.jpg,datasets/marmot/table_mask/10.1.1.6.2197_3.jpg
datasets/marmot/images/10.1.1.6.2199_6.jpg,datasets/marmot/table_mask/10.1.1.6.2199_6.jpg
datasets/marmot/images/10.1.1.6.2202_4.jpg,datasets/marmot/table_mask/10.1.1.6.2202_4.jpg
datasets/marmot/images/10.1.1.6.2208_12.jpg,datasets/marmot/table_mask/10.1.1.6.2208_12.jpg
datasets/marmot/images/10.1.1.6.2208_7.jpg,datasets/marmot/table_mask/10.1.1.6.2208_7.jpg
datasets/marmot/images/10.1.1.6.2215_30.jpg,datasets/marmot/table_mask/10.1.1.6.2215_30.jpg
datasets/marmot/images/10.1.1.6.2215_78.jpg,datasets/marmot/table_mask/10.1.1.6.2215_78.jpg
datasets/marmot/images/10.1.1.6.2216_1.jpg,datasets/marmot/table_mask/10.1.1.6.2216_1.jpg
datasets/marmot/images/10.1.1.6.2216_5.jpg,datasets/marmot/table_mask/10.1.1.6.2216_5.jpg
datasets/marmot/images/10.1.1.6.2218_15.jpg,datasets/marmot/table_mask/10.1.1.6.2218_15.jpg
datasets/marmot/images/10.1.1.6.2223_5.jpg,datasets/marmot/table_mask/10.1.1.6.2223_5.jpg
datasets/marmot/images/10.1.1.6.2223_6.jpg,datasets/marmot/table_mask/10.1.1.6.2223_6.jpg
datasets/marmot/images/10.1.1.6.2234_17.jpg,datasets/marmot/table_mask/10.1.1.6.2234_17.jpg
datasets/marmot/images/10.1.1.6.2234_6.jpg,datasets/marmot/table_mask/10.1.1.6.2234_6.jpg
datasets/marmot/images/10.1.1.6.2243_7.jpg,datasets/marmot/table_mask/10.1.1.6.2243_7.jpg
datasets/marmot/images/10.1.1.6.2248_12.jpg,datasets/marmot/table_mask/10.1.1.6.2248_12.jpg
datasets/marmot/images/10.1.1.6.2248_9.jpg,datasets/marmot/table_mask/10.1.1.6.2248_9.jpg
datasets/marmot/images/10.1.1.6.2249_12.jpg,datasets/marmot/table_mask/10.1.1.6.2249_12.jpg
datasets/marmot/images/10.1.1.6.2249_15.jpg,datasets/marmot/table_mask/10.1.1.6.2249_15.jpg
datasets/marmot/images/10.1.1.6.2255_4.jpg,datasets/marmot/table_mask/10.1.1.6.2255_4.jpg
datasets/marmot/images/10.1.1.6.2255_5.jpg,datasets/marmot/table_mask/10.1.1.6.2255_5.jpg
datasets/marmot/images/10.1.1.6.2260_4.jpg,datasets/marmot/table_mask/10.1.1.6.2260_4.jpg
datasets/marmot/images/10.1.1.6.2264_54.jpg,datasets/marmot/table_mask/10.1.1.6.2264_54.jpg
datasets/marmot/images/10.1.1.6.2264_70.jpg,datasets/marmot/table_mask/10.1.1.6.2264_70.jpg
datasets/marmot/images/10.1.1.6.2266_7.jpg,datasets/marmot/table_mask/10.1.1.6.2266_7.jpg
datasets/marmot/images/10.1.1.6.2272_17.jpg,datasets/marmot/table_mask/10.1.1.6.2272_17.jpg
datasets/marmot/images/10.1.1.6.2272_19.jpg,datasets/marmot/table_mask/10.1.1.6.2272_19.jpg
datasets/marmot/images/10.1.1.6.2277_10.jpg,datasets/marmot/table_mask/10.1.1.6.2277_10.jpg
datasets/marmot/images/10.1.1.6.2280_13.jpg,datasets/marmot/table_mask/10.1.1.6.2280_13.jpg
datasets/marmot/images/10.1.1.6.2281_15.jpg,datasets/marmot/table_mask/10.1.1.6.2281_15.jpg
datasets/marmot/images/10.1.1.6.2284_7.jpg,datasets/marmot/table_mask/10.1.1.6.2284_7.jpg
datasets/marmot/images/10.1.1.6.2286_3.jpg,datasets/marmot/table_mask/10.1.1.6.2286_3.jpg
datasets/marmot/images/10.1.1.6.2297_10.jpg,datasets/marmot/table_mask/10.1.1.6.2297_10.jpg
datasets/marmot/images/10.1.1.6.2299_12.jpg,datasets/marmot/table_mask/10.1.1.6.2299_12.jpg
datasets/marmot/images/10.1.1.6.2299_6.jpg,datasets/marmot/table_mask/10.1.1.6.2299_6.jpg
datasets/marmot/images/10.1.1.6.2303_10.jpg,datasets/marmot/table_mask/10.1.1.6.2303_10.jpg
datasets/marmot/images/10.1.1.6.2304_5.jpg,datasets/marmot/table_mask/10.1.1.6.2304_5.jpg
datasets/marmot/images/10.1.1.6.2308_13.jpg,datasets/marmot/table_mask/10.1.1.6.2308_13.jpg
datasets/marmot/images/10.1.1.6.2312_14.jpg,datasets/marmot/table_mask/10.1.1.6.2312_14.jpg
datasets/marmot/images/10.1.1.6.2312_5.jpg,datasets/marmot/table_mask/10.1.1.6.2312_5.jpg
datasets/marmot/images/10.1.1.6.2314_5.jpg,datasets/marmot/table_mask/10.1.1.6.2314_5.jpg
datasets/marmot/images/10.1.1.6.2314_6.jpg,datasets/marmot/table_mask/10.1.1.6.2314_6.jpg
datasets/marmot/images/10.1.1.6.2318_8.jpg,datasets/marmot/table_mask/10.1.1.6.2318_8.jpg
datasets/marmot/images/10.1.1.6.2321_19.jpg,datasets/marmot/table_mask/10.1.1.6.2321_19.jpg
datasets/marmot/images/10.1.1.6.2321_32.jpg,datasets/marmot/table_mask/10.1.1.6.2321_32.jpg
datasets/marmot/images/10.1.1.6.2327_4.jpg,datasets/marmot/table_mask/10.1.1.6.2327_4.jpg
datasets/marmot/images/10.1.1.6.2327_7.jpg,datasets/marmot/table_mask/10.1.1.6.2327_7.jpg
datasets/marmot/images/10.1.1.6.2331_6.jpg,datasets/marmot/table_mask/10.1.1.6.2331_6.jpg
datasets/marmot/images/10.1.1.6.2331_7.jpg,datasets/marmot/table_mask/10.1.1.6.2331_7.jpg
datasets/marmot/images/10.1.1.6.2336_18.jpg,datasets/marmot/table_mask/10.1.1.6.2336_18.jpg
datasets/marmot/images/10.1.1.6.2336_19.jpg,datasets/marmot/table_mask/10.1.1.6.2336_19.jpg
datasets/marmot/images/10.1.1.6.2340_6.jpg,datasets/marmot/table_mask/10.1.1.6.2340_6.jpg
datasets/marmot/images/10.1.1.6.2340_8.jpg,datasets/marmot/table_mask/10.1.1.6.2340_8.jpg
datasets/marmot/images/10.1.1.6.2346_4.jpg,datasets/marmot/table_mask/10.1.1.6.2346_4.jpg
datasets/marmot/images/10.1.1.6.2346_5.jpg,datasets/marmot/table_mask/10.1.1.6.2346_5.jpg
datasets/marmot/images/10.1.1.6.2352_5.jpg,datasets/marmot/table_mask/10.1.1.6.2352_5.jpg
datasets/marmot/images/10.1.1.6.2355_3.jpg,datasets/marmot/table_mask/10.1.1.6.2355_3.jpg
datasets/marmot/images/10.1.1.6.2362_4.jpg,datasets/marmot/table_mask/10.1.1.6.2362_4.jpg
datasets/marmot/images/10.1.1.6.2366_6.jpg,datasets/marmot/table_mask/10.1.1.6.2366_6.jpg
datasets/marmot/images/10.1.1.6.2367_46.jpg,datasets/marmot/table_mask/10.1.1.6.2367_46.jpg
datasets/marmot/images/10.1.1.6.2367_49.jpg,datasets/marmot/table_mask/10.1.1.6.2367_49.jpg
datasets/marmot/images/10.1.1.6.2372_3.jpg,datasets/marmot/table_mask/10.1.1.6.2372_3.jpg
datasets/marmot/images/10.1.1.6.2374_6.jpg,datasets/marmot/table_mask/10.1.1.6.2374_6.jpg
datasets/marmot/images/10.1.1.6.2376_1.jpg,datasets/marmot/table_mask/10.1.1.6.2376_1.jpg
datasets/marmot/images/10.1.1.6.2381_5.jpg,datasets/marmot/table_mask/10.1.1.6.2381_5.jpg
datasets/marmot/images/10.1.1.7.2101_27.jpg,datasets/marmot/table_mask/10.1.1.7.2101_27.jpg
datasets/marmot/images/10.1.1.7.2101_28.jpg,datasets/marmot/table_mask/10.1.1.7.2101_28.jpg
datasets/marmot/images/10.1.1.7.2108_18.jpg,datasets/marmot/table_mask/10.1.1.7.2108_18.jpg
datasets/marmot/images/10.1.1.7.2108_3.jpg,datasets/marmot/table_mask/10.1.1.7.2108_3.jpg
datasets/marmot/images/10.1.1.7.2112_16.jpg,datasets/marmot/table_mask/10.1.1.7.2112_16.jpg
datasets/marmot/images/10.1.1.7.2115_13.jpg,datasets/marmot/table_mask/10.1.1.7.2115_13.jpg
datasets/marmot/images/10.1.1.7.2115_14.jpg,datasets/marmot/table_mask/10.1.1.7.2115_14.jpg
datasets/marmot/images/10.1.1.7.2119_22.jpg,datasets/marmot/table_mask/10.1.1.7.2119_22.jpg
datasets/marmot/images/10.1.1.7.2119_23.jpg,datasets/marmot/table_mask/10.1.1.7.2119_23.jpg
datasets/marmot/images/10.1.1.7.2122_17.jpg,datasets/marmot/table_mask/10.1.1.7.2122_17.jpg
datasets/marmot/images/10.1.1.7.2123_2.jpg,datasets/marmot/table_mask/10.1.1.7.2123_2.jpg
datasets/marmot/images/10.1.1.7.2123_3.jpg,datasets/marmot/table_mask/10.1.1.7.2123_3.jpg
datasets/marmot/images/10.1.1.7.2127_4.jpg,datasets/marmot/table_mask/10.1.1.7.2127_4.jpg
datasets/marmot/images/10.1.1.7.2127_7.jpg,datasets/marmot/table_mask/10.1.1.7.2127_7.jpg
datasets/marmot/images/10.1.1.7.2137_3.jpg,datasets/marmot/table_mask/10.1.1.7.2137_3.jpg
datasets/marmot/images/10.1.1.7.2137_6.jpg,datasets/marmot/table_mask/10.1.1.7.2137_6.jpg
datasets/marmot/images/10.1.1.7.2148_31.jpg,datasets/marmot/table_mask/10.1.1.7.2148_31.jpg
datasets/marmot/images/10.1.1.7.2153_5.jpg,datasets/marmot/table_mask/10.1.1.7.2153_5.jpg
datasets/marmot/images/10.1.1.7.2156_4.jpg,datasets/marmot/table_mask/10.1.1.7.2156_4.jpg
datasets/marmot/images/10.1.1.7.2158_6.jpg,datasets/marmot/table_mask/10.1.1.7.2158_6.jpg
datasets/marmot/images/10.1.1.7.2160_7.jpg,datasets/marmot/table_mask/10.1.1.7.2160_7.jpg
datasets/marmot/images/10.1.1.7.2164_18.jpg,datasets/marmot/table_mask/10.1.1.7.2164_18.jpg
datasets/marmot/images/10.1.1.7.2164_21.jpg,datasets/marmot/table_mask/10.1.1.7.2164_21.jpg
datasets/marmot/images/10.1.1.7.2166_8.jpg,datasets/marmot/table_mask/10.1.1.7.2166_8.jpg
datasets/marmot/images/10.1.1.7.2169_6.jpg,datasets/marmot/table_mask/10.1.1.7.2169_6.jpg
datasets/marmot/images/10.1.1.7.2172_11.jpg,datasets/marmot/table_mask/10.1.1.7.2172_11.jpg
datasets/marmot/images/10.1.1.7.2172_4.jpg,datasets/marmot/table_mask/10.1.1.7.2172_4.jpg
datasets/marmot/images/10.1.1.7.2174_3.jpg,datasets/marmot/table_mask/10.1.1.7.2174_3.jpg
datasets/marmot/images/10.1.1.7.2183_6.jpg,datasets/marmot/table_mask/10.1.1.7.2183_6.jpg
datasets/marmot/images/10.1.1.7.2186_33.jpg,datasets/marmot/table_mask/10.1.1.7.2186_33.jpg
datasets/marmot/images/10.1.1.7.2186_34.jpg,datasets/marmot/table_mask/10.1.1.7.2186_34.jpg
datasets/marmot/images/10.1.1.7.2187_11.jpg,datasets/marmot/table_mask/10.1.1.7.2187_11.jpg
datasets/marmot/images/10.1.1.7.2187_20.jpg,datasets/marmot/table_mask/10.1.1.7.2187_20.jpg
datasets/marmot/images/10.1.1.7.2189_10.jpg,datasets/marmot/table_mask/10.1.1.7.2189_10.jpg
datasets/marmot/images/10.1.1.7.2189_4.jpg,datasets/marmot/table_mask/10.1.1.7.2189_4.jpg
datasets/marmot/images/10.1.1.8.2114_9.jpg,datasets/marmot/table_mask/10.1.1.8.2114_9.jpg
datasets/marmot/images/10.1.1.8.2117_32.jpg,datasets/marmot/table_mask/10.1.1.8.2117_32.jpg
datasets/marmot/images/10.1.1.8.2121_3.jpg,datasets/marmot/table_mask/10.1.1.8.2121_3.jpg
datasets/marmot/images/10.1.1.8.2121_4.jpg,datasets/marmot/table_mask/10.1.1.8.2121_4.jpg
datasets/marmot/images/10.1.1.8.2123_5.jpg,datasets/marmot/table_mask/10.1.1.8.2123_5.jpg
datasets/marmot/images/10.1.1.8.2124_7.jpg,datasets/marmot/table_mask/10.1.1.8.2124_7.jpg
datasets/marmot/images/10.1.1.8.2131_13.jpg,datasets/marmot/table_mask/10.1.1.8.2131_13.jpg
datasets/marmot/images/10.1.1.8.2155_4.jpg,datasets/marmot/table_mask/10.1.1.8.2155_4.jpg
datasets/marmot/images/10.1.1.8.2155_5.jpg,datasets/marmot/table_mask/10.1.1.8.2155_5.jpg
datasets/marmot/images/10.1.1.8.2156_5.jpg,datasets/marmot/table_mask/10.1.1.8.2156_5.jpg
datasets/marmot/images/10.1.1.8.2160_5.jpg,datasets/marmot/table_mask/10.1.1.8.2160_5.jpg
datasets/marmot/images/10.1.1.8.2160_6.jpg,datasets/marmot/table_mask/10.1.1.8.2160_6.jpg
datasets/marmot/images/10.1.1.8.2161_9.jpg,datasets/marmot/table_mask/10.1.1.8.2161_9.jpg
datasets/marmot/images/10.1.1.8.2165_10.jpg,datasets/marmot/table_mask/10.1.1.8.2165_10.jpg
datasets/marmot/images/10.1.1.8.2165_14.jpg,datasets/marmot/table_mask/10.1.1.8.2165_14.jpg
datasets/marmot/images/10.1.1.8.2174_11.jpg,datasets/marmot/table_mask/10.1.1.8.2174_11.jpg
datasets/marmot/images/10.1.1.8.2176_133.jpg,datasets/marmot/table_mask/10.1.1.8.2176_133.jpg
datasets/marmot/images/10.1.1.8.2176_75.jpg,datasets/marmot/table_mask/10.1.1.8.2176_75.jpg
datasets/marmot/images/10.1.1.8.2178_3.jpg,datasets/marmot/table_mask/10.1.1.8.2178_3.jpg
datasets/marmot/images/10.1.1.8.2179_7.jpg,datasets/marmot/table_mask/10.1.1.8.2179_7.jpg
datasets/marmot/images/10.1.1.8.2180_3.jpg,datasets/marmot/table_mask/10.1.1.8.2180_3.jpg
datasets/marmot/images/10.1.1.8.2182_6.jpg,datasets/marmot/table_mask/10.1.1.8.2182_6.jpg
datasets/marmot/images/10.1.1.8.2185_13.jpg,datasets/marmot/table_mask/10.1.1.8.2185_13.jpg
datasets/marmot/images/10.1.1.8.2185_14.jpg,datasets/marmot/table_mask/10.1.1.8.2185_14.jpg
datasets/marmot/images/10.1.1.8.2198_11.jpg,datasets/marmot/table_mask/10.1.1.8.2198_11.jpg
datasets/marmot/images/10.1.1.8.2198_13.jpg,datasets/marmot/table_mask/10.1.1.8.2198_13.jpg
